{"cameraMode":{"drawMode":0,"name":"Shaded","section":"Shading Mode"},"sceneLighting":false,"audioPlay":false,"sceneViewState":{"showFog":true,"showMaterialUpdate":false,"showSkybox":false,"showFlares":true,"showImageEffects":true,"showParticleSystems":true},"in2DMode":false,"pivot":{"x":19.0,"y":1.0099999904632569,"z":-18.218303680419923},"rotation":{"x":-0.12814781069755555,"y":0.8411622047424316,"z":-0.2276533544063568,"w":-0.4734966456890106},"size":2.8578836917877199,"orthographic":false}