{"cameraMode":{"drawMode":0,"name":"Shaded","section":"Shading Mode"},"sceneLighting":false,"audioPlay":false,"sceneViewState":{"showFog":true,"showMaterialUpdate":false,"showSkybox":false,"showFlares":true,"showImageEffects":true,"showParticleSystems":true},"in2DMode":false,"pivot":{"x":-2.7699999809265138,"y":3.5699996948242189,"z":-11.989999771118164},"rotation":{"x":-0.12814781069755555,"y":0.8411622047424316,"z":-0.2276533544063568,"w":-0.4734966456890106},"size":4.0416579246521,"orthographic":false}