{"cameraMode":{"drawMode":0,"name":"Shaded","section":"Shading Mode"},"sceneLighting":false,"audioPlay":false,"sceneViewState":{"showFog":true,"showMaterialUpdate":false,"showSkybox":false,"showFlares":true,"showImageEffects":true,"showParticleSystems":true},"in2DMode":false,"pivot":{"x":-1.2523608207702637,"y":2.4056529998779299,"z":-0.1197509765625},"rotation":{"x":-0.04144826903939247,"y":0.9506959915161133,"z":-0.27577540278434756,"w":-0.14338983595371247},"size":34.16532897949219,"orthographic":false}